Time,Value,Amount From,Token From,Amount To,Token To,Transaction Hash,Status
1m,$0.0096,"0.028855",SOL,"N/A",Unknown,E6E7JKTLgQ1u1rtz8fgj5564KixsoneUN2ESntJoMSCaQ66Y6rxifzTk4PACYtZCPboTAewQuwm4pQuFCzkziFg,Failed
6m,$0.0008,"0.003500",SOL,"0.001475",SOL,iMHYuYXBQj2RJq52QLRmhCCqq38657FKc2bq6Us4jy2wDAP6RwRG7dX7kWG4ZfTxe3aSuC9ETkWLzXoC2LAyh2x,Success
7m,$0.0090,"0.001500",SOL,"0.000959",SOL,2ZCvYUJ3fQ2T6YKbwRadwMznXJsPK3WjUfxpNURL4WL6fKLWKjVAGohKtXxu3TRQ8d1GZfamKuk9hf8fTtyVNrLG,Success
8m,$0.0019,"0.006600",SOL,"0.001576",SOL,52vbC4r3XthWPeBrgoeQvRiS8rdKk4eqaWxiTnfCxm2HNeobR8EVcXgeGSjLA3pXsPRbtvRG23JWRWZYcbXDvTaX,Success
10m,$0.0008,"0.003500",SOL,"0.001397",SOL,43rJG9bMqG8nsb3trk72a3W5yBCvuJB9MgFTrarkeBR79Vd3KUk38q8SmZsgNug94Fn2k5sWMAeueDw657WtrXLD,Success
11m,$0.0090,"0.001500",SOL,"0.001033",SOL,ArxKZNBc6dW4enTZtPJsFAPv5mvguM9cjgHdQBDbXAupy5FG7hipCPT8WLVvErVbdScWCpiBXzgEk8BD15d24tm,Success
11m,$0.0018,"0.000960",SOL,"0.000970",SOL,3qtrsgqt5x5yRqGhX6CgJz9PZ4RojZHKxUgaaMZUSSaEFjjfa8TkvYVpEooNJJNz1TuadcnqaXRFG4G9Fy89mpfH,Success
15m,$0.0116,"0.029527",SOL,"N/A",Unknown,2Y5TVpTnbNLDvxZ9dWyX7pFWaLSezcMKvpzX1kGu97Sb9sScLctn1zyfCWxrFKrz6GWgdscw6qz3wqW3AvbpKMGS,Failed
15m,$0.0008,"0.003500",SOL,"0.001471",SOL,55bcod9FTzJVqxRYoGQ53WwMYD4b7cXwgHrZzcZx6rbY28pgwTEK397D1ZMYkzhLUzWQ9pnx4CykHnDhxVJpUcHs,Success
15m,$0.0019,"0.006600",SOL,"0.002805",SOL,2e8pT4E3gXYdyjMDoAkMwYnvRR4s1vM7oeADMqFQdbP8sVv6ywtkZaXcNVrTXTBjhvri4zj16EJr5fTd4t7TaaRn,Success
15m,$0.0022,"0.001110",SOL,"0.001379",SOL,37U5EZ9tu4Lvygv3BDm5rmw2a2mcVcH5bNdEprMLzFEGhpcyU9nJBeKhyhwNE8QLVdvb4MVAn5ZKn8vFNqe2XgKU,Success
16m,$0.0022,"0.001185",SOL,"0.001372",SOL,3fDBV1K7iEuJ3kBWJmzjfwxz4kpN5xhATybCiD96foDHaVhpSU9yFDipR2JqfV1Hp4n6aJXrP4mvGRBmiS4YHq22,Success
16m,$0.0001,"0.001500",SOL,"0.000809",SOL,3JUHMFovsxadrmNjZysyVGHpbKu14jASdcSL8aU8waCeWjnCAkZWcD9fuJLSZicBMNkEzJ9p1umUbM5x4UgooExF,Success
16m,$0.0030,"0.007565",SOL,"0.000976",SOL,515tKQTfrcPX9jerAN9z3M22yYcvk8xRKqEnf2rxB4vM8DkNUaEtWniQpeCJghsdTnV5DUALaqRVweoCvixAMofY,Success
16m,$0.0008,"0.003500",SOL,"0.001071",SOL,5R8Hu5S8GQWNqDdLNHPreXvdMrasxXvYwD52aWQr4nA8SQgkprQLCrwt1jwyuXEPEdBNo1dvA4CqPLKFcb4rENh8,Success
16m,$0.0000,"0.009511",SOL,"0.000953",SOL,5LtTvKVLpDhaHjohrsgUdSr7eMDsALwZrVzsq9KSnfg4TqKcvsJMycTVdZRfnPQsA9VmYeMN2GG3e1FBfqgMUHud,Success
17m,$0.0008,"0.003500",SOL,"0.001482",SOL,5JbM46WWrRQ7N1qyu3eTYc2MZGZDXkfc9oBzuhNNF4QUixhpPwjA6PzjhWg9GsaEqwxbYPfneSvAE8xEztcypYxx,Success
19m,$0.0059,"0.017766",SOL,"0.001669",SOL,64UocCcS9nGTQQfHhss8Wn6D5AAwk2NpXGhgL2NYuCJWeJWiPoQkgRWaJUWmkgeUwR8xKK3M7w5EjCXnd4diMUwJ,Success
19m,$0.0029,"0.001490",SOL,"0.001367",SOL,5ic5Ds8VBMCyvAnM8qFRCq2CspFv2ZnqLkvs9iLw8yGUxvJmHXQcx6vtNWKoWaeMBBRzACsHf1ze9o3mMty62kpQ,Success
19m,$0.0084,"0.025110",SOL,"N/A",Unknown,24F33H2iJagWiXggtMBcM7RBaw3fQArm6YfJnt7muLrqd8hwKYFDN2m8Vt8HZ87iw74LymBQLTnsLKUX9NzkcGyv,Failed
19m,$0.0024,"0.001111",SOL,"0.001365",SOL,zWvw2Fz5u7gUUYp5nvx7AQAJytgp7PshMKyJYwK1vF3Nd5tf1FAeqBiYx29GKJMetnLwhYJP28ybCmZWko1uv7R,Success
19m,$0.0008,"0.003500",SOL,"0.001485",SOL,3M78RENfsDXvxZ5Ci9bmEQFJZaReUmrJCZv5VRuRBrBX44kmk1vg4BrGKNMgX2Xr5R1h6nVV4C7wgaTwS1WB8iDz,Success
19m,$0.0008,"0.003500",SOL,"0.001499",SOL,3SUNFD37ipdCjyopob77Ds5Yov5FSuq9SDpiFbPeVegRnfRRXivx53k1UyTE6xGpD78KLKBDMwWoH1T2rW1irkER,Success
21m,$0.0008,"0.003500",SOL,"0.001516",SOL,g5qJvFTH7ioZuecA2BMGT1FUXcHNL65dVXQFCUmTLBmo8kNonmpJUF7ZqTQEVKSvStZ3dUERuSS9cyygYNgciEF,Success
22m,$0.0001,"0.001500",SOL,"0.001503",SOL,4BCgroPNY5Rxv1GLF1rM5wAK1iXehfwkU352vnuz8jqTfLobtEpx4TyMn3brV16tBg3VBN8so9S7qjwuAP6zvn4G,Success
22m,$0.0023,"0.001166",SOL,"0.001274",SOL,64hXx8NKNwMN3zc2k9VZGQy3NS2nixmmHRVpwuG1tKjfMXL23fRqnfczZ1HK2SLb3Tizy9wKtdsMtfyNBDTDWti3,Success
26m,$0.0019,"0.006600",SOL,"0.003410",SOL,2jB2bHXM8ASp8uzewkuVFjJc1QbJoXq1Zjs66pS8TGMj32XMqJAfBo7tzSsLniu9r2s8CQmKtADzj11RyUJDjXrB,Success
27m,$0.0134,"0.033966",SOL,"0.003163",SOL,5xYHaGocx6kT7Ax9RrDNcQbkSWAUAKZVH9DKruJzGcCK1aueoZA6mcMnsVtBtPsynQgRrSMgugEoecS8R9BGFQVU,Success
29m,$0.0024,"0.001110",SOL,"0.001389",SOL,S4MVvrjZEwn2NcYxWZrAyykHz7Ug3PrP994tJuxWzaCjyoEDwZ9ApmjBxnqLGiGYsng8QwGJdecRMZaZ8CbNh74,Success
29m,$0.0022,"0.001011",SOL,"0.001375",SOL,3yFHnLwaP6Yo5yUQmNdAASzZRiJW9uqwiFhw79AASBZjNdJsppGr2JnQ3YgTfQMwLFp66HaQBbhkfQajimBX6GRT,Success
29m,$0.0079,"0.023650",SOL,"0.001664",SOL,5ppEGQ7MCwSTsJvLTt9HPHLnXvNz6ZvzRPkFeMTqRnD1BmAGSRdCVrYt2Kyf21oEx7EccGd3t5xck699fK4sog9B,Success
30m,$0.0090,"0.001500",SOL,"0.001496",SOL,55kapb6FWHDfuVBN26G4N8M94x7GdSrQ3Q1DS6mwFzdHuFFpsndgchnXNqGiDa4kYQ8A7JAHJUDpGeMpkmJCyxpG,Success
30m,$0.0026,"0.001210",SOL,"0.001302",SOL,5pSnh52cXkDHtmFhw7DJ8Z6sApRNSYyiEn6vemhJVyjh2ymmE5jFoUFcTtR8qnxrY4FitHj8BtPmhVTZSBtCDHLJ,Success
30m,$0.0346,"0.144563",SOL,"N/A",Unknown,23h1REjP7rvotUDpHg7fMPZ1erHWmK5igEbh7HCJVUxrx63USAdeStTpG5QeBApHFKPitpX6oRPcUV11Gm6RYDdq,Failed
32m,$0.0001,"0.001500",SOL,"0.004060",SOL,5ZjaNaCe8NdtTKtzbmskvZAhrGPtFvLvu8R6yb8ixSXiDrFbe1dgKvyDRHzc8ByYrLJQX7NSBbZggi7iocHayhba,Success
33m,$0.0008,"0.003500",SOL,"0.001472",SOL,2QHoK6XQyPV6WWGAXzn5esPGpoUptUZ2vU38uwpbxThDT8w4Dpn5YcWLAmi5n5fTTRu47WA5VvbSupLB6TKR4H3P,Success
33m,$0.0023,"0.001181",SOL,"0.001374",SOL,4qyL7mxnEZBEBHgn5qcLekj5hj17FF6sHq1bLJbF8vcGUxR42p7pGSYefizwjoHAvXjp2qHMigK5tA2brASoaFRy,Success
35m,$0.0169,"0.043061",SOL,"0.002462",SOL,26CwFaonfSEh3FfR5Qggdd2hChp4RmMviGUUi627ndxcLxVqhKhvuEcaNR5hNJuiEM2fyLkJa5xewbkBjTK3U4GV,Success
37m,$0.0047,"0.014069",SOL,"0.001062",SOL,2p5Q2htAK6tW4MnErgY8Qs7FXoJDE3FUDVV39naBEsGX5tcpA23VYJN5rCm4AfzwHtsBoQrt1taJga8DZF7krcj2,Success
38m,$0.0019,"0.006600",SOL,"0.001050",SOL,5b2DgQLnSZHjDuXQx1pBnMpWicKM6FV2nm3aXwTDVzmenr66J5T8tuq2tPvG5YJqUqcAZpQDiND9G5bYJtiW2nDi,Success
38m,$0.0020,"0.010500",SOL,"0.002060",SOL,23bC51nreuWHVtzbaL6dS1XcPkgdeJgmq66UoCCg1DUAQuHkZCZT58teqEGgTG4HTgCnLxjA9HnZqLKigu579tvw,Success
39m,$0.0019,"0.006600",SOL,"0.002337",SOL,3PCrDa1zDgKdmFwigzyFRKjWe1bhozvzXa3c9aLscFLCNweLG5QP3PvX7eGQ2vb81szFFsPs6BgEGsxAiSg8rQ86,Success
39m,$0.0113,"0.024836",SOL,"0.001484",SOL,4K2h2EH5fmazDpexv9R8Akhe9tru6qR2SNN29ij9wBVukt294KpQZQar5Ua2Gwq7ZSwctZQgWDBvKyU6fUb28nM2,Success
39m,$0.0027,"0.001382",SOL,"0.001373",SOL,5PhXEMa2WVLz8xyxeMKt7PStZECPJGVK1GT7cQiJShHR6cPA8HE3mnQ1B5qjRyZSNoPSmEaaEi8drncpDRqy4K3H,Success
39m,$0.0044,"0.013311",SOL,"0.001481",SOL,3W1RqkMmqEBd3qCP6ptgYdguaPk8rTVypEDsmgZsKsuktv2v4NnUqhAXgbcTBS3qJy2a9cw6dXD5ZWEoEhoHN8ee,Success
43m,$0.0030,"0.008938",SOL,"0.000895",SOL,2J9j3pgYRJq45BBQxSG2tgMPDt2AqKwZ89hZrTQ6HTx3APR6XW5BpM9fZ2i9PEGR44KR2Q9QxPFaSgz15r1gCaXr,Success
43m,$0.0001,"0.001500",SOL,"0.001105",SOL,5ZgqhSzMLLTV6x2e7V5Rrw8XwfGGos95yJoqawbgaH6A9skAfXpkXaNtXJoSJZtd7ZNm2f5bntSitmnv4k3GX75k,Success
44m,$0.0098,"0.021664",SOL,"0.001484",SOL,2n4h877eHkcGharh3zCS73P9VWb6mdRbiXyn2veMdLxvNSiTvD8RSJbMXFpZo5MHFa4ViWKnFnRSDCFeWHErxSUV,Success
46m,$0.0008,"0.003500",SOL,"0.001637",SOL,3yW4mJbLptftCwQcPPpAHeS1T8DdAqgzN6zqrRUZzSyGeu7aUnKk7Hde565SJ2vRdx9P1H9kv9EoQpv8tQv5JzSP,Success
48m,$0.0159,"0.066511",SOL,"0.004347",SOL,v1mvsXQ3rRwnTjYURgqifunDp3knuBCAAw9FxtkBtWqUg6vCdCwKeJesBFYgfrzRxjzjohb5ouTjEGmFGCg4yxo,Success
48m,$0.0019,"0.006600",SOL,"0.003527",SOL,33wqi7iKsbh36NJqyXhXfRjrY3tSwNocH7CQB6TdVyi5yzWytvpwNGb3kFf2dbU3BLPBbe8eY41U7K8fTLoqk4wi,Success
48m,$0.0138,"0.035170",SOL,"0.003239",SOL,4y9wHo9eA6V9Ppsh1r2grGw1AmAkWHMf8sMJGkEdpxtYvGNHEvZBzwhaPy6sjS55GddV8ZcE3vKvZLT7K9ndtJ2L,Success
48m,$0.0169,"0.015030",SOL,"N/A",Unknown,5GuVJpkfMvjMPgvArAuruPAXRT7qFPNFuA62oheyxn5W79VvrGunaSU347VBU7VQfLq8JrpJHVwnwcNCJmWZ9v8W,Failed
48m,$0.0008,"0.003500",SOL,"0.001441",SOL,3BABE8fTgLT1paChCkZrThekvxJZVwUXc6V4UFL8bBxnk9fKaqw2tPnj5GZatHWUfdW321TsLhxnAaFfKA4bitYj,Success
49m,$0.0083,"0.018211",SOL,"0.001456",SOL,fzHxEXijpqSqBr42be3xi1ZDcnzUoM2LdQ1grdjyDQ3oPCubY4WjdoukjLFvMfduPjrXMgm5YCvV3HekdAaiJ1G,Success
50m,$0.0027,"0.001310",SOL,"3.0000",SOL,36aB4RSniSC4rvD9Q8HvuK7Pu1aV5kSAtXAZjWVxpUjkw2CAsTtK5KbzWJPNdyaTyfyykJAEz1eXWfC4u6ef92Dn,Success
50m,$0.0008,"0.003500",SOL,"0.001298",SOL,5FuhSwSMzkYG5UiF3KxH8FqXbv2itrhFfaXfbUf458VvEtArusr2hCrLAAwoUCRGTTJ9jkByNKEa2mfp2Y8qY59t,Success
50m,$0.0014,"0.000790",SOL,"0.001188",SOL,4XM6w1HMfrwLWxTduPiSGhZ16w3zYkz2DyfWtH5GFXjakWsYwn41D9XtMA9wHN5yj7NydAbvTa7pNtPD3b1tL8LK,Success
51m,$0.0090,"0.001500",SOL,"0.001008",SOL,sDr8WE783ACXy7umkzuUbRKvUB85PjnpEhjxKueMnSyXPeLwNbQ7xHCDyQYfBbEUdjDSBcGs2LFf45tfj98a2kB,Success
54m,$0.0008,"0.003500",SOL,"0.001291",SOL,dMD8Mh3E6fTivxr5dvwPQfFXmw85JfNjFigpMxEE43bj6PA8hUTWBCStvuurTXQ5DgE51koQXePtG1UqmAJVC2r,Success
55m,$0.0001,"0.001500",SOL,"0.001099",SOL,3gi4S4D8eSGTQdz8Th4EX8m9N3ACj18ZbtR2nP34zX6gCY9o7duzFbpGM2Veo9dayFTRwPZnCzzd6s6vgMynHC3z,Success
56m,$0.0000,"0.100000",SOL,"N/A",Unknown,5RctC1DhMiDFNKi1swuTTJstwtA6Ndx1yYZ5FAQujwerkEeAMkiHv1sNWoVqSAKq1mA2aAUeuZktyNMpo4LeCgT3,Success
56m,$0.0000,"0.100000",SOL,"N/A",Unknown,5V3pcfH5TASKKu2QyuYvxmdtGx58BQpTuggJ1ivMh4JsWsXxcMWHkDvWYDPY35uamw6vYw8oWvmH24QR5EbF5YpB,Success
56m,$0.0008,"0.003500",SOL,"0.001462",SOL,3bofBHVTz7d4F2Frj8v63GwAy9uxLWjZugo7CZ9sspUYC4fUiaqQGZwvypCLMNp7ySHYBZP2qo9ykXBkqLXMnSk6,Success
1h,$0.0019,"0.006600",SOL,"0.001439",SOL,xRUoFQRa5yHvLwJmNboBnsa4TkZECMKAtHNJRLGHJamZEvSQJqhw4cqvZbZcjqpKoyhiSLinry4e1aYjLeFLpHG,Success
1h,$0.0008,"0.003500",SOL,"675.86K",4daoTLuf,5EwHBuk5i7cciMcMJpHVBCMGe8ouHSx3Py9MD4qnY6x5jA5eGa9FPPPaTuQJU2t5nvSaJcgWLjDUyEE6JuZHALLg,Success
1h,$0.0001,"0.001500",SOL,"0.001078",SOL,3Zj3qQxUWsaFfxXTnWZ21x2pPg6assqaaaqV8AQ7xXU7GgGkBF7pSFBudXoXL2N5Dz7eZW8xFYrj4ehyUvJva4HV,Success
1h,$0.0069,"0.015211",SOL,"0.001246",SOL,3dVrv2n5z22sSSbyJPb6Vt5MAPeNJ9EzxbfHR5TFbk1pWYqJis1MXRYVbwu1unSPzT3yp8vabR8oFNtvmsER6gxi,Success
1h,$0.0001,"0.001500",SOL,"0.001114",SOL,66BHW8kLrjHaQ75XZi2ZDhYdqAHvX4qZVEjUevGuaGacEEZHcTjkJcS2RXFmCiVBxAgaq7ThTt1VL9Wd1T4UokD8,Success
1h,$0.0000,"0.002074",SOL,"N/A",Unknown,3dmw2qKoMizNpBTqC6gyvLvqibycYCCA3eAs4qzkD6ch9FQ7LcQx5VMFuuxTXWhis982DsMbzNtA2dN5S29UP3J4,Success
1h,$0.0001,"0.001500",SOL,"0.002835",SOL,2BPnQAPFDMBEADJJSQx6whjRbynfKrteoygKigru4vMibed6Cvmk2LDtpyygru4eXNDpevLvwaJhJ28gFFPcAZ3z,Success
1h,$0.0019,"0.006600",SOL,"0.002164",SOL,2ertWhWDaQ8nDCgXqaSjeFr6vKavhDPeH2ze6P48SBcLeNNLHDSaDju5MEdrzbZziZRiQmq6XNYJTY6uqPYwWRuQ,Success
1h,$0.0019,"0.000910",SOL,"0.001140",SOL,iE1rzKWSQ97WGKKv2bx722pNDTL4uzuKjxrxdTbi5V2vuUpP4uvKRw9P8UeF4VeJTjqFiFVf6rqquzQoCjhriAP,Success
1h,$0.0081,"0.024211",SOL,"0.001958",SOL,211FHjyRk5D66DK9T6ivkdKrP4YjHaEiVwbwwyhhngtWFs8RR7yHnPcjNdMDwYLuXBkcagE6Lb9BobohRt4WzYna,Success
1h,$0.0158,"0.040184",SOL,"N/A",Unknown,23q4jHMX87Sh6c56TPtVeADceLcVM3gJjRekhK6pnTatZEbXXozkwufYJL6BePGbtSjt3y91y63ZBTBUWGQfLpeM,Failed
1h,$0.0051,"0.015187",SOL,"0.001035",SOL,4uv7RfMVQ58FbnrnbjJeDcwG6wpXqvzJoWAYqRJSyzhUmYiArNevQAmM7RcvdY8gNENpx9Pi5bxng71SYirEpxMz,Success
1h,$0.0008,"0.003500",SOL,"0.001108",SOL,4Q4jEyCoBJ1WdobuqA3x5So1mMe9vuwbVwkKPdAyZ7G4M9j1KU3Dj2hZTGehdLpB9CH5Zrn7osT5wGdGWVNAyqBK,Success
1h,$0.0093,"0.023646",SOL,"0.002827",SOL,5guVcLktcUJBfvJ6xyCRmyiDwhBJaGm1wbYvXs1HdZBEYPH8S6r1JiqxeUugEK2QRA49jWFYww5VCuCUBDcXDfgz,Success
1h,$0.0058,"0.010810",SOL,"N/A",Unknown,5a9mJ3VthJne6AiE5jtLPXLRLCCe6AgRgw7MDjQaAirgR4fZ3tYr1jaqeP6Rr2EA1BGaXrgG1ebL8RnCWY3fkFeV,Failed
1h,$0.0000,"1.00e-9",SOL,"N/A",Unknown,4wm7v2XimL1PdrbgMMeYv6BpzEn4sjMXG8pciSDwUKmDv99tSYpFK1ZMMfCin4VbFcTpVKFfXNzPmG6euaoEpF4u,Success
1h,$0.0008,"0.003500",SOL,"0.001544",SOL,67cMHzSwKTvhy1TCnybc2NewF841QrBk8386CPE9jydbW8U1eYy962ZeVXgVkZQYPfB8VZjhukvVv4k8w3gPBx36,Success
1h,$0.0001,"0.001500",SOL,"0.001476",SOL,34Fok3r6i3eQMcHTZcrdtQBAgo1LE728w5Xdio4PJcK4NKZZu8naH1aaMjEHJ7PCdFeC7rT3GYadwYzSR65PUzCm,Success
1h,$0.0180,"0.039490",SOL,"0.001905",SOL,53yehHBGmdvXwKYS6tyCQ5XKtLMgDFZF7Q2bM1w5pN5upnLs6mJ9sxrKECr9fK3jS7UdT354wuKZ1i2s8GenmjTd,Success
1h,$0.0033,"0.007611",SOL,"0.000965",SOL,5sjm1oYaRSypuiZnrcLVBWTgxpRDYCoC9XDTtMDy4SANZVDWUB41zGYt9NfG2e2qL2BZb186EuZbiXhW4SNTzE94,Success
1h,$0.0069,"0.015061",SOL,"N/A",Unknown,44VL91m5uvs5qBLBPUdGMk795nGcVWqGqusQH9aMKzBHNhuxWMj5uFJ5Z2Q7GC6gzRNYMXacmZA9Dip8UPndniHx,Failed
1h,$0.0046,"0.000040",SOL,"0.001403",SOL,56u6QLMyKY9fafwuwQTxJSkvt9zjggHFcQk8pdUFbWBLY38yVKBGtaat2Qrsme6g6zZwszypgMChjnQKF7byE1tm,Success
1h,$0.0042,"0.012787",SOL,"0.001262",SOL,DEZVADuYL95u97KTFUDqfk6p5k276J4kixuyFm7djvTnCFgXoipTMznUA2ycfv3htBejrqLvLPSWcJK1rg8DP5Y,Success
1h,$0.0019,"0.006600",SOL,"0.002501",SOL,3jGFTc1UYiDWMCuZrqGfnj74Sa3RRf4EJAP3TTCs3W4NBzC4kvTHYE9FhSixKzWsMwWjwr8FpDtGXfogj8wys9zn,Success
1h,$0.0073,"0.021811",SOL,"N/A",Unknown,5WewrEBPDTGnoVaEYtHHDgCaQ16XZzk79sjZoVWuP7dpPKbs1soKhY379xGgzSKafBr2o1poP4pMYfuzHueRuzrr,Failed
1h,$0.0027,"0.008032",SOL,"0.000988",SOL,4bM6xtEQ6nf256WBHrYR7aPPUiUMP2Yt7nPRNZ52tfL3BLvSsRbQD19iFdVruf6FKzPK9X8nFQiAts51YnNBNrFv,Success
1h,$0.0035,"0.010422",SOL,"N/A",Unknown,2bAecC1yC5ocv6g1Z8mWhK1G46Tr4LcMrSDSW78BDh2MC6WzBSXQ9xusnkJaAjdgrjSd9ZMa573xxxGirG5EQcE2,Failed
1h,$0.0014,"0.000987",SOL,"0.000898",SOL,3cJwWdvyhw6ZpfffUnih26iDD6rQJCj1fXB2TFjTaQf7Vd6k6h1D2RYPoccar8JkDDqXVkc8KeJskqeje9FVHkRC,Success
1h,$0.0090,"0.001500",SOL,"0.001056",SOL,37eUMK6me9BF8VZx1NSd2SayfQ3fniiD2EjGEMXRgt8NsYJibKHhA6s1GrxBENoGouYdiTGcJWBo1g26MPWyy7wN,Success
1h,$0.0034,"0.010243",SOL,"0.000970",SOL,39bEATWDetzheWNSCypknwqE6BZKpmLVZpmct7j97YHNjPiUzwukQXzMBMtKs1oi1YxxEvV6WDcBPG8Wjza4DyrY,Success
1h,$0.0012,"0.000685",SOL,"0.000967",SOL,2Grsx8yXfYMcruqWS4dQfzAE2jq6zqD7MH24df7gFQba6gasVz4NraS68jg7ESYzKBQ7wE98Cmzh2Fm7ifPmQ75s,Success
1h,$0.0090,"0.001500",SOL,"0.001026",SOL,YgpXLpiK4e23q7txvvuKxmsPh6q9jHQaAFSKRkvw9MhC5V2enrUbsAg25t4YMQXXGfGyuobZuDypEyABQvKjrjB,Success
1h,$0.0046,"0.000040",SOL,"0.001004",SOL,4eSPmQ5pecFHPaKReTXVMF7erQKQPMbdadQef8MdouJ7Qo52QsUEkJmzdSG8RNmH5SNfgF1Bd2LUssdgpDaYAvTw,Success
1h,$0.0019,"0.006600",SOL,"0.002836",SOL,63xQNVvY9DCC4SCeQkFZ4UDGHJHyu7c7cG1tQ3ceSj4r6rfSQYiKQPKnWP3aiFiviXBGTQ67bSdRdz8YZ3L3yQ7k,Success
1h,$0.0185,"0.047011",SOL,"0.002524",SOL,4JMQAqNigGMjC7bnZSoCwXAq1zyRUpninMUoPgkP7o1NA8NXG8X5k9z9ZXKbEU7L9hbBCbu2cXs7rsUsRidogyia,Success
1h,$0.0000,"0.100000",SOL,"N/A",Unknown,3WRV4dhaNtQ22878mLadaMh7nxdiiPF7Y3rdTdcJCz4cd3eUjWcst6V348qYz2Df9pzEZVFFMpN3LSUU4LJPqCyK,Success